,product_name,price
0,DOSEN S50 Driving Recorder Front interior Rear Three lens onboard Dashcam car front and rear 360 HD 1080P Rear camera night vision dual view DVR Driving video Recorder 行车记录器,RM135.80
1,DOSNE A1 Driving Recorder Front interior Rear Wifi 3 lenses Dashcam car front and rear 360 4.0 inch large screen HD 1080P Rear camera night vision dual view DVR Driving video Recorder 行车记录器,RM79.80
2,DOSEN A1 wireless Driving Recorder Front interior Rear Three lens onboard Dashcam car front and rear 360 4.0 inch large screen HD 1080P Rear camera night vision dual view DVR Driving video Recorder Wifi 行车记录器,RM78.49
3,DOSNE Wifi 行车记录仪 24 Hours Record 1080P FHD wifi 3 Camera Dashcam for Car Front + Interior + Back / Rear Dash Cam Night Vision Parking Mode Car DVR Driving video Recorder 行车记录器,RM79.80
4,70mai Dashcam A200 Dual Channel 1080P Full HD+ HDR | 24H Parking Surveillance,RM249.00
5,TYZONG 24H Record FHD 3 Camera Dashcam for Car Front + Interior + Back / Rear Dash Cam Night Vision Parking Mode Car DVR Driving video Recorder,RM71.82
6,DDPAI N1 Dual Dashcam DUAL-CHANNEL Smart Monitor Assistant NightVIS 1296P,RM179.00
7,V380 PRO 行车记录仪 Wifi 24 Hours Record 1080P FHD 3 Camera Dashcam for Car Front + Interior + Back / Rear Dash Cam Night Vision Parking Mode Car DVR Driving video Recorder 行车记录器,RM79.80
8,"2024 10.26"" Dash Cam 4K 2160P Rearview Camera Carplay & Android Auto GPS Navigation with Voice Control Car DVR BT FM Monitor",RM75.20
9,FHD Wifi GPS Dash Cam 24h Parking Monitor Night Vision Front Rear Camera Car Dashcam Video Recorder,RM85.00
10,Car Camera Recorder HD Car Dash Camera USB Front DVR Camera Dash Cam Car Recorder,RM31.84
11,[WIFI VERSION] ROADCAM WIFI X3 Budget Dash Cam Dual Channel Recording 1080P Full HD,RM99.00
12,Hd Tachograph Is Suitable for Automatic Cycle Recording of Vehicle DVR of Various Models,RM35.14
13,70mai A500s 2K Car Dashcam Pro Plus+,RM345.51
14,SHIP IN 24 Hours!!! 4 inch Car Recorder Dash Cam 1440P Dual lens HD Driving Recorder/HD Night Vision/DVR Parking Monitor,RM99.00
15,"【Shipping From Malaysia】4"" Screen 1080P Dash Cam Front+Interior+Rear Car Driving Recorder Suction Cup Mount",RM59.00
16,4K Dual Dash Cam Car Dashcam 1080P HD Car Camera Recorder Car View Cam Front Back Auto Driving Recorder Interior Recorder Video Cam Night Vision,RM59.75
17,[Ready-Stock] DVR Car Camera Recorder Dashcam Car Dash Cam Front And Rear 1080P Driving Recorder Wifi Car View Cam 行车记录仪,RM62.90
18,[OFFICIAL] 70mai A500S Dashcam PRO PLUS+ Car Recorder 1944P Rear Cam GPS App Control Night Vision Dual Vision A500,RM389.00
19,4.0 inch Dash cam Dual Lens front and rear for Car DVR Driver Recorder  HD 1080P 170° wide loop recording touch screen car camera HD screen Dashcam 行车记录仪,RM62.90
20,Car DVR Dash Camera USB Front and Rear Dual Lens Video Recorder 720P AHD Reverse Cam Night Vision with ADAS For Android Player,RM34.87
21,Dashcam Car Camera 4.0 Inch (Front/Inside/Rear) DVR Dash Cam Car Camera Video Recorder Night Vision Camcorder,RM50.00
22,[English] 70mai A400 Car Recorder Dash Cam QHD 1440P Front Cam Night Vision 145 FOV WDR App Control Smart,RM266.10
23,70mai A400 Car Recorder Front Dash Cam QHD 1440P Night Vision 145 FOV WDR App Control Smart,RM299.00
24,CLEARANCE ADAS HD Dash Cam USB Car DVR Starlight Night Vision Driving Recorder GPS Player Compatible With Android 4.0 And Above,RM32.00
25,Aitemay Car DVR Camera G30 Full HD 1080P 120 Degree Dashcam Video Recorder Night Vision G-Sensor Motion Detection Dash Camera,RM24.25
26,Car Rear View Camara Dash Cam Reverse Camera Night Backup Parking Monitor Vision HD 1080P Camera 170° I4X6,RM15.59
27,[New Launch] 70mai A510 Dash Cam Dual Vision Car Recorder with GPS ADAS [Add-on 4G Hardwire Kit],RM429.00
28,"HD013 2K HD WIFI dashcam for car 4"" inch 2 Lens front and rear dash cam Car camera Recorder night vision App Control DVR行车记录器",RM69.90
29,HOMEKING | FREE 64GB Memory Card 3 in 1 Dash Cam Car Camera DVR HD 1080P 170 Wide Angle Cycle Recorder G-Sensor 3 IN 1 Dashcam,RM75.36
30,"SAFECAM A38 Three-Channel Dashcam Triple Lens 1080P Full HD, Front + Inner + Rear Dashcam 3 Inch Screen 24-H Time Lapse",RM119.00
31,SouthOcean 24H Record 1080P GPS Dashcam for Car Dash Cam Dual Camera Front & Back With Night Vision WDR APP DVR Mini Car Camera Recorder,RM89.00
32,70mai Dashcam A200 Dual Channel 1080P Full HD Resolution + HDR |  APPs Control | 24H Parking Surveillance,RM259.00
33,[FREE INSTALLATION] TRAPO i-SIGHT T350 2K Dashcam,RM219.00
34,AZDOME M17PRO 1296P Full HD Dual Channel Front & Rear DashCam Night Vision ADAS App Control Car Camera Driving Recorder,RM151.00
35,&lt;1080MP&gt; FULL HD Car Camera Full Wide Angle RecordingVideo LIVE,RM27.55
36,1080P FULL HD Mirror Car Dash Cam Front & Back Video DVR Camera,RM59.88
37,*PARKING MODE* 24 Hours Recording Car Recorder Dashcam CCTV KERETA,RM25.55
38,South Ocean 24H Record 4 Channel WiFi Built-in GPS Dashcam FHD 1080P Front Left Right Rear With Infrared Night Vision Car Dash Cam,RM269.90
39,【8.8 Mesti Beli】 BuzzTech 10 Inch Touch Screen Dash Cam Car DVR Mirror Video Recorder Car Dual Lens Recorder Dash Camera 行车记录仪,RM138.80
